{"cameraMode":{"drawMode":0,"name":"Shaded","section":"Shading Mode"},"sceneLighting":false,"audioPlay":false,"sceneViewState":{"showFog":true,"showMaterialUpdate":false,"showSkybox":true,"showFlares":true,"showImageEffects":true,"showParticleSystems":true},"in2DMode":false,"pivot":{"x":-32.71516036987305,"y":-3.5108273029327394,"z":-3.4880449771881105},"rotation":{"x":0.042970262467861179,"y":-0.6962448954582214,"z":0.041824694722890857,"w":0.7153013944625855},"size":35.46174240112305,"orthographic":false}