{"cameraMode":{"drawMode":0,"name":"Shaded","section":"Shading Mode"},"sceneLighting":false,"audioPlay":false,"sceneViewState":{"showFog":true,"showMaterialUpdate":false,"showSkybox":true,"showFlares":true,"showImageEffects":true,"showParticleSystems":true},"in2DMode":false,"pivot":{"x":-3.516921043395996,"y":2.9412894248962404,"z":-5.348651885986328},"rotation":{"x":0.006317770574241877,"y":-0.5391133427619934,"z":0.004041400272399187,"w":0.8422058820724487},"size":4.136814594268799,"orthographic":false}